text_length,kmp_time_ms,bf_time_ms,kmp_comparisons,bf_comparisons,speedup
1000,0.15322900000001027,0.17631479999806743,1000,1344,1.150662080924992
5000,0.7272720000031541,0.9510101999978815,5000,6685,1.3076403326317485
10000,1.4768171999975266,1.8818509999988464,10000,13387,1.2742612965247142
50000,7.527671200003283,9.468245600001524,50000,66621,1.2577921309843336
100000,14.625565399998663,18.942816199998447,100000,133021,1.295185224087144
500000,74.0202016000012,95.76453539999648,500000,664199,1.2937621531686687
